{
  "apotheosis:spawner": null,
  "apotheosis:ench": null,
  "apotheosis:adventure": null,
  "twilightforest:quest_ram_wool": null,
  "corpse:corpse": null,
  "minecraft:brewing_stand": null,
  "minecraft:beehive": null,
  "minecraft:command_block": null,
  "minecraft:jukebox": null,
  "minecraft:lectern": null,
  "minecraft:redstone": null,
  "minecraft:furnace": null,
  "minecraft:chiseled_bookshelf": null,
  "minecraft:animal_owner": null,
  "minecraft:potion_effects": null,
  "minecraft:mob_growth": null,
  "minecraft:mob_breeding": null,
  "minecraft:chicken_egg": null,
  "minecraft:zombie_villager": null,
  "minecraft:block_states": null,
  "minecraft:horse_stats": null,
  "minecraft:item_frame": null,
  "minecraft:tnt_stability": null,
  "minecraft:note_block": null,
  "minecraft:armor_stand": null,
  "minecraft:painting": null,
  "minecraft:harvest_tool": null,
  "minecraft:enchantment_power": null,
  "minecraft:total_enchantment_power": null,
  "minecraft:player_head": null,
  "minecraft:item_ber": null,
  "minecraft:villager_profession": null,
  "minecraft:item_tooltip": null,
  "minecraft:falling_block": null,
  "minecraft:entity_health": null,
  "minecraft:entity_armor": null,
  "minecraft:crop_progress": null,
  "minecraft:mob_spawner": null,
  "minecraft:item_display": null,
  "minecraft:block_display": null,
  "minecraft:item_storage": null,
  "minecraft:fluid_storage": null,
  "minecraft:energy_storage": null,
  "minecraft:progress": null,
  "jade:object_name": null,
  "jade:registry_name": null,
  "jade:mod_name": null,
  "jade:distance": null,
  "jade:block_face": null,
  "reliquary:mortar": null,
  "reliquary:altar": null,
  "reliquary:cauldron": null,
  "reliquary:pedestal": null,
  "drinkbeer:beer_barrel": null,
  "drinkbeer:trade_box": null,
  "drinkbeer:mixed_beer": null,
  "supplementaries:present": null,
  "supplementaries:safe": null,
  "supplementaries:hat_stand": null,
  "create:blaze_burner": null,
  "create:backtank_capacity": null,
  "create:contraption_inv": null,
  "lootr:inventory": null,
  "create:hide_boiler_tanks": null,
  "create:crafting_blueprint": null,
  "create:placard": null,
  "create:exact_block": null,
  "create:filter": null,
  "create:goggles": null,
  "supplementaries:present": null,
  "supplementaries:safe": null,
  "supplementaries:hat_stand": null,
  "corpse:corpse": null,
  "create:blaze_burner": null,
  "create:backtank_capacity": null,
  "create:contraption_inv": null,
  "lootr:inventory": null,
  "create:hide_boiler_tanks": null,
  "create:crafting_blueprint": null,
  "create:placard": null,
  "create:exact_block": null,
  "create:filter": null,
  "create:goggles": null,
  "twilightforest:quest_ram_wool": null,
  "minecraft:brewing_stand": null,
  "minecraft:beehive": null,
  "minecraft:command_block": null,
  "minecraft:jukebox": null,
  "minecraft:lectern": null,
  "minecraft:redstone": null,
  "minecraft:furnace": null,
  "minecraft:chiseled_bookshelf": null,
  "minecraft:animal_owner": null,
  "minecraft:potion_effects": null,
  "minecraft:mob_growth": null,
  "minecraft:mob_breeding": null,
  "minecraft:chicken_egg": null,
  "minecraft:zombie_villager": null,
  "minecraft:block_states": null,
  "minecraft:horse_stats": null,
  "minecraft:item_frame": null,
  "minecraft:tnt_stability": null,
  "minecraft:note_block": null,
  "minecraft:armor_stand": null,
  "minecraft:painting": null,
  "minecraft:harvest_tool": null,
  "minecraft:enchantment_power": null,
  "minecraft:total_enchantment_power": null,
  "minecraft:player_head": null,
  "minecraft:item_ber": null,
  "minecraft:villager_profession": null,
  "minecraft:item_tooltip": null,
  "minecraft:falling_block": null,
  "minecraft:entity_health": null,
  "minecraft:entity_armor": null,
  "minecraft:crop_progress": null,
  "minecraft:mob_spawner": null,
  "minecraft:item_display": null,
  "minecraft:block_display": null,
  "minecraft:item_storage": null,
  "minecraft:fluid_storage": null,
  "minecraft:energy_storage": null,
  "minecraft:progress": null,
  "jade:object_name": null,
  "jade:registry_name": null,
  "jade:mod_name": null,
  "jade:distance": null,
  "jade:block_face": null,
  "reliquary:mortar": null,
  "reliquary:altar": null,
  "reliquary:cauldron": null,
  "reliquary:pedestal": null,
  "drinkbeer:beer_barrel": null,
  "drinkbeer:trade_box": null,
  "drinkbeer:mixed_beer": null
}